# Netlify Redirects Configuration for Rosehill Chemicals
# Redirects from rosehillchemicals.com to chemicals.rosehill.group

# Force old domain to new subdomain
https://rosehillchemicals.com/* https://chemicals.rosehill.group/:splat 301!
http://rosehillchemicals.com/* https://chemicals.rosehill.group/:splat 301!
https://www.rosehillchemicals.com/* https://chemicals.rosehill.group/:splat 301!
http://www.rosehillchemicals.com/* https://chemicals.rosehill.group/:splat 301!

# Force HTTPS on new domain
http://chemicals.rosehill.group/* https://chemicals.rosehill.group/:splat 301!

# Specific page redirects (maintain SEO for important pages)
/home /index.html 301
/about-us.html /about.html 301
/services.html /capabilities.html 301
/contact-us.html /contact.html 301

# Clean URLs - remove .html extension
/about.html /about 301
/applications.html /applications 301
/capabilities.html /capabilities 301
/contact.html /contact 301
/process.html /process 301
/thank-you.html /thank-you 301
/index.html / 301

# Serve HTML files without extension
/about /about.html 200
/applications /applications.html 200
/capabilities /capabilities.html 200
/contact /contact.html 200
/process /process.html 200
/thank-you /thank-you.html 200

# Security: Block WordPress scanner bots (return 410 Gone)
/xmlrpc.php              /404.html  410
/wp-login.php            /404.html  410
/wp-admin/*              /404.html  410
/wp                      /404.html  410
/wordpress               /404.html  410

# Security: Block attack vectors and sensitive file access attempts
/.env                    /404.html  410
/about.php               /404.html  410
/file.php                /404.html  410
/admin.php               /404.html  410
/aa.php                  /404.html  410

# Security: Block directory probing attempts
/old                     /404.html  410
/new                     /404.html  410
/main                    /404.html  410

# AutoDiscover: Email client autodiscovery (redirect to homepage)
/AutoDiscover/autodiscover.xml    /    404

# Legacy pages: Redirect to relevant current pages
/email-disclaimer/       /privacy-policy    301

# Fallback for 404 errors
/* /404.html 404